age,screen_name,sex
32,nonakashi1988,M
32,kawasaki1988,M
31,259_4649,M
31,racer0728,M
32,lovegossips02,F
33,feai7xvvSe3Kj1g,F
31,nao19880426,M
31,saki_sti,F
44,mayumi_14,F
30,muripo_life,M
30,k_kmh4,M
31,Souryu_Hibikiya,M
30,me_rci6,F
31,r535474,M
31,yms15gyan,M
32,yamiduru,F
32,tibikami,M
31,asmn_o407,F
33,maruveryfat555,F
33,ragnell51,F
33,ejfHE5cAXwPxHc7,F
33,sinobu_40taira,F
33,basil0721,M
33,tllzpJHB5FRKJ2M,M
33,Tottuan26,M
33,jokin_EX0,M
34,Cornelius0511,M
34,uZOuUFOi4rnDmXW,F
34,rugbessan1985,M
34,tachibanatekari,M
34,nyawata,M
34,chihatan919,F
35,keimama_ayu_you,F
35,masaking_001,M
35,0x3x8,F
35,tt_320,M
35,maru320inc,F
35,NKYM717,M
35,niitociao,M
36,Hirofumi_Kosugi,M
36,mamamitaso,F
36,tsutyan1983,M
36,RRR51504229,M
36,hirotan_black,M
34,nao_dance,F
34,enjoy_life41,F
36,krLiiiCXYyHGTxM,M
36,shiru0105,F
36,REIKIhealingfig,F
36,macle51097422,M
36,mirarara1610,F
37,donvalonjp,M
37,ricorico0321,F
36,all_baco,M
36,rieyuki0401,F
37,blind_yamashita,M
37,maaky_wimper,F
37,88anti881,M
37,Paul6w1,F
37,BLACK99815088,M
37,mizookichi,M
37,cocomeshio,M
37,roki_hamatta,M
38,snow_silverwolf,M
38,moimoidoooon,M
38,reirei_daisuki,M
39,tayutau18,F
39,donotpunch,M
39,nukamiho0320,F
39,chocobanana888,M
39,jamuyan,M
39,_necoze_,M
38,HornyChan0612,F
50,DqHonda,M
50,soya_pap,M
50,50kg_50,F
50,lceZeNPMOAhl5cj,F
50,kabuyume50,M
50,live_49akko,F
50,hi_ro_ki_san,M
50,showjyoneco,M
50,egurin4649,M
50,ef210momotaro,F
50,reiko_around50,F
51,w1rosh,M
51,speednuts_E3,M
51,BearSeries1,M
50,aonecosoraneco,M
51,mikeneko925,F
51,hitomiriry_h,F
51,737_663,F
51,surumeganshi,M
51,heychang35,M
51,mii_mii_3,F
51,RU0YyDtJF7yM5Js,M
51,s1mXRENMfkEtIvv,F
52,abansyousetsuka,M
52,kagoseed,F
52,KeyYemon,M
52,kei_t51,M
51,ogahiro520,M
52,3ycNcyB3HCbLZNd,M
52,dodomihotalu,F
52,acidcherry6,F
52,sonesin2,M
53,qtdreamjp,M
53,haradazentaman,M
54,qEtoliep,M
53,umi_botaninko,F
53,BLuce_Fruiche,M
53,bronxbaron,M
53,tohru_yonehara,M
53,h70jcrmEGryBYqg,F
53,MentalYoshida,M
53,otokichi1018,M
52,CtsC6FmYmZ0kHLT,M
54,rosalie_matsuba,F
54,naffitha,M
54,2OdxmOKsQ3Dhm02,M
54,03Co7UIZLiFWCN9,F
54,yamanaka_kan,M
54,llcoolperon,M
54,usjbranding,F
55,studiowizranzan,F
55,Haruko321love,F
55,inumayu03,F
55,peach6918282,F
56,1240647765295693829,F
55,iruohsiad,F
55,Tsu_Yamaguchi,M
55,hirotae6522,M
55,50_low,M
55,Motonobu14,M
56,tamayangogo,M
56,garimax_1964,M
56,o5fZHmZRcmqjlZM,M
56,kawamura_psycho,M
56,tomotaro_japan,M
56,nabe9215,M
56,kono314,M
56,3936kanami,F
56,k_t_3_7,M
51,yukikomama0123,F
56,torataro_hiro,M
56,Tsubu_ikura,F
56,massan_nyanko,F
56,naka_390228,M
31,8nhitomi8,F
57,OfficeWith,F
57,sumijin8823,M
57,mukujaramuku,F
57,ontheroad_2017,M
57,obancho,M
57,kcsmmk1019,F
54,TeamOGUshow,M
57,mrg4iceman,M
57,jwyuri1,F
57,kakigaralhkb,M
57,shino88t0t0r088,M
57,baster1963,M
58,vf2_saku,M
58,358ashime,M
58,kotasan0823,F
58,0206axl,F
58,BuffaloesGoGo,M
58,nqMgJewz0jhqhyf,F
58,UqKruauIW3Njzqs,F
58,I9e8495ffO6zjZe,M
58,osumi0603,F
58,tadatomi,M
58,nanjai_2011,M
59,makoto_no_suke,M
59,kiichiros,M
59,MARUMA71415258,M
59,rimi_mikuto,M
59,1961ada,M
59,uMRU9UOsTBWDvzq,M
59,8QZKCjsuINtBk6b,F
53,srkw23,M
53,shokotakada1967,F