 age,sex,sentence
39,female,"RT @rii_327_: おじいちゃんが経営していた旅館が
コロナウイルスの影響で中国人観光客の予約が3ヶ月分キャンセルになってしまい、今月いっぱいで閉めることになりました。
だいすきなおじいちゃんが残してくれたこの旅館を最後まで一人でも多く人に来てもらいたいので少しでも気に…"
39,female,"@manabu93 落ち着いた？(゜Д゜)
大丈夫ー？？"
39,female,"@Pinakano おはようございます""(ﾉ*&gt;∀&lt;)ﾉ"
39,female,@drake_mo @Ozaki_Mayumi わー！尾崎魔弓さんだ！現役の時と変わってないのが凄いですね（*｀・ω・*）ゞ✨
39,female,@k93uu1 お誕生日おめでとうございます(∩´∀`∩)💕︎💕︎💕︎💕︎💕
39,female,RT @TMR15: なぁなぁ、で結局のとこライブとかイベントはやっていいの？あかんの？どっち？やっても怒られて、やめても怒られる... そろそろ政府でちゃんと決めて欲しい... ( ⌯᷄௰⌯᷅ ;)＜「自己責任」は無責任ッスよ...
39,female,@YnvPsziJ5s1Z2mD お誕生日おめでとうございます(∩´∀`∩)🎂🎉🎊٩(ˊᗜˋ*)و
39,female,@KXVK_1113 おめでとうございます⸜(* ॑꒳ ॑*  )⸝⋆*🎂🎉🎊٩(ˊᗜˋ*)و
39,female,"@tM9krWkxH32ne35 ほんまー？( ु ›ω‹ ) ु♡
ってほんまに少し休んでよ💦💦"
39,female,"@tM9krWkxH32ne35 さおりん、1人で抱えすぎ💦頑張り過ぎよー！
少し身体休めて🥺💦"
39,female,"@myupom24 おめでとうございます！
凄い二重ですね🤗✨✨"
39,female,"@93luvmai まぃまぃさん(∩´∀`∩)💕ほんまです！また会えたときはもっと交流しましょーね❤ 
写真今日中に送っておきます🥰(遅くてごめんなさい😅💦)"
39,female,"@93luvmai まいまいさん！声かけてくれてありがとうございます🙇‍♀️🥰
めっちゃ嬉しかったです！！

帰り気をつけて下さいね🙋‍♀️"
39,female,@custom0610 (°∀°)ﾋｨｨｨｨ
39,female,"@custom0610 えー！大丈夫？😭💦💦

次のシリーズはありませんように。🙇‍♀️🙇‍♀️🙇‍♀️"
39,female,@manabu93 ありがとう（*｀・ω・*）ゞ
39,female,"@manabu93 ありがとう⸜(* ॑꒳ ॑*  )⸝⋆*
12時過ぎとかに行ったら多分グッズも、通しチケットの特典とかもめちゃ並んでるよねー？？😅💦"
39,female,@manabu93 私はあと1時間半後にぐらいにつくよー😆
39,female,"@KXVK_1113 おはようございます。
今日通し参戦しますよー！
今度こそは声かけさせて頂きます😃✨"
39,female,"RT @syo___ji758: 何度かツイートしましたが、多目的トイレに長時間居座られると車椅子を使用してる方や赤ちゃんのオムツ替えの為使用される方、オスメイト使用されている方など非常に困ります。
誰も健常者は使うななんて偉そうな事は言いません。
だけど本当に必要としている方…"
39,female,@KODAaaya ほんまにそうです😭残念です。
39,female,@KODAaaya ほんまですね！それで、出待ち無くなったんで辛いです💦 前はみんな無言で手をふってたのに。
39,female,@KXVK_1113 お願いします(⋆ᴗ͈ˬᴗ͈)”✨✨
39,female,RT @izumana0629: 本当に酷いショッキングな写真です…もう酷すぎて虐待した奴殺したい！こんな顔になって瀕死の状態なのに人に寄ってくる懐っこい子らしいです。命は助かりましたがこれから大手術をします。私も個人的に寄付しました。みんなの力を貸して下さい😢拡散、募金お願い…
39,female,@KODAaaya 吸殻とか騒音ですか？🥺💦
39,female,"@KXVK_1113 フォローさせて頂きます🙇‍♀️
2日参戦します。よろしくお願いします。

いつもチラ見してるので💦💦今度こそ声かけます😅🙋‍♀️🙇‍♀️"
39,female,@koda93you ゆうこちゃん🤗
39,female,@3ah093510 お疲れ様！（*｀・ω・*）ゞ良かったね！👍👍👍
39,female,"RT @drake_mo: 昨日お出かけした帰りに信号待ちでふと見つけた瞬間に…想像からの独りでウケて撮影🤣

くぅちゃんファンならわかるよね？🤣🤣🤣

#ほんっっばに‼️www

#ほんまはほんば

#倖田來未
#倖田組
#くぅちゃん
#画像は一部FAKEですw https:…"
39,female,"@manabu93 私もわからんかったw

コッチでも、
まなぶくんお誕生日おめでとう😆✨✨
いつもありがとうね🤗🙌
これからも來未子のライブ会場、オフ会、他のライブ wでも会おうね👍👍
素敵な誕生日を🎂🎊🎉👏💕︎✨"
39,female,@s2kd93s2 私もー！(`・ω・)ｂｸﾞｯ!
39,female,"@s2kd93s2 そうなんですよ！絶対後悔するので😭💦
ちょっとでも気になったのあれば絶対買ったほうがいいですよね💦"
39,female,"@s2kd93s2 私もこれ、買ってなくて😭💦
オンラインMが無いんですよねー。
ほんま後悔😭😭"
39,female,@manabu93 @naruG1023 GODIVAだけなんか現実的www🤣🤣🤣
39,female,@koda93you まるちゃん！(`・ω・)ｂｸﾞｯ!
39,female,@kunchan0720 うん🥺私 きっとお金残せやんし、娘はひとりっ子やから😅💦
39,female,"@kunchan0720 くんちゃん、こういうパターンもありよな？？
私の場合…ほとんど友達もいないし、死んだ後にお金かけやんでいいと思って😅👍"
39,female,"通夜も告別式もない「直葬」増加の背景　大手業者も参入（西日本新聞） https://t.co/7G14LZSzZz 

私はこれにしてって娘に言ってある！😃"
39,female,RT @YAKO_ROOM: さっきATMで隣にいたおじいちゃんに銀行員の人が「振り込め詐欺の防止で70歳以上の方は制限をかけております。恐れ入りますが何に対してお振込みするのかお聞きしてもよろしいでしょうか？」って聞いてたんだけどめちゃくちゃ恥ずかしそうに「みかんです」って言…
39,female,"RT @bineger_1216: ビネさん、無事に大役をこなしてくれました！
友達が作ってくれたビネの白ドレス可愛すぎてたまらん😍
最初は透明の床にあんなにビビってたのに当日のこの余裕の走りのせいで動画におさめれた人が全然いない😂笑 https://t.co/aE6vJfU6…"
39,female,@tomotomotomo051 知美さん！ありがとうございます🤗✨✨
39,female,@metalyuki666 どうしたん？大丈夫？💦
39,female,@kuuchan69devil 私もほかの人　全くわからんかった🤪🤪🤪
39,female,@kuuchan69devil 私も…😅とりあえず にこるんと、ゆきぽよ 、みちょぱ が楽しみw🤣🤣
39,female,@manabu93 え！そうなのー？以外と緩いんやね！🤣👍じゃあ大丈夫やね🙌
39,female,@manabu93 どうなんやろ？確かチケットの郵送って名前確認？するもんね？？
39,female,@kuuchan69devil ありがとう🤗娘が関コレも観れるから楽しみにしてるわ🤣👍👍👍
39,female,"@manabu93 早いよね！！届いてると思うよ👍
あ、でも本人確認？できないと受け取れないパターンのやつ！！"
39,female,"RT @omoti194: 「相手がコンドームを外したがる」「断ると嫌われたり怒られたりしそうで断れない」って相談めちゃくちゃ多いけど、

相手はあなたを大事にしてないからゴムを外したがるわけよ！！あなたが相手を大事に思う必要無いわ！！

そんな輩には心のシャッターも、ケツの穴…"
39,female,@cbrm_93in こないだ申し込んで、すぐ来たからびっくりしました！！😆👍
39,female,"ピエール中野さんに会いたい！
当たりますように！！
#ピエール中野
#ピヤホン 
#凛として時雨 
#キリトリ線2 https://t.co/xpcFYgJVzF"
39,female,関西コレクションのチケット届くの早いー！ https://t.co/vEPGnEW5GC
39,female,"RT @naaachan_93: 倖田來未ってこんなに綺麗やったっけ？
細い、スタイル維持すごい、
7歳の息子がおると思えへん、
若い、今の方が好き

とかめっちゃ高評価多くて
みんなのツイート嬉しすぎる
めっちゃいいねしてもた🥺🖤

ほんま美しすぎ尊い〜〜

#倖田來未 ht…"
39,female,@kuu_se2 いつもありがとうございます！(⋆ᴗ͈ˬᴗ͈)”︎💕︎💕
39,female,"RT @YUMA0617: 倖田來未久し振りに見たけど、めちゃくちゃ綺麗やん！
えっ！？
身長154センチ？"
39,female,"RT @touhonyade: 倖田來未が動いてるところ始めてまともに見てるねんけど
こんなに可愛い人やったんやて驚いてる

#行列のできる法律相談所"
39,female,@chibiee1014 私もカマたくさん大好きで行ってみたいです！👍東京はなかなか行けないですよね😅
39,female,"@naolariat2 あゆは ドンピシャ世代で、めちゃくちゃ聴いてました！！🤗❤️
でもあゆのライブは今度の和歌山公演で３回目ですよー！"
39,female,@naoppe2261 あゆはドンピシャ世代でめちゃくちゃ聴いてました❤でもライブは今度行く和歌山公演で3回目です🤗
39,female,@kuuchan69devil 慶ちゃんありがとう⸜(* ॑꒳ ॑*  )⸝⋆*❤
39,female,@seikohitonooya ついに公開ですね！(∩´∀`∩)💕
39,female,"@3ah093510 気になるよね。
さほちゃんも大丈夫なのー？？🥺💦"
39,female,RT @Pinakano: この後23:30〜有吉反省会に出演します。ピを予習したい方はこちらをどうぞ。長いです。／ピエール中野が何をやってる人なのかわからなくなった方へ。随時更新する自己紹介です。｜ピエール中野 凛として時雨 #有吉反省会  https://t.co/EzD1…
39,female,@3ah093510 大丈夫やったんかなぁ？💦
39,female,わーい。あゆの和歌山公演のチケット当選した！꒰⌯͒•·̫•⌯͒꒱︎💕︎💕
39,female,RT @ehara_hiroyuki_: あなたに意地悪してくる人がいても相手にしすぎないでください　その人は、幸せではないのです　心が寂しいのです
39,female,"RT @ayumuyuki666: #いじめどっちが悪い問題に終止符
なんかTL見てたら

「いじめられる側にも原因ある」

とか、分かったようなこと書いてあって、その意見はよく目/耳にするのね

でも根本はそこじゃないんだわ

悪いのは

「いじめる人間に育てた親が悪い」…"
39,female,"@kloopachiKumirn ほんま数少ないですよね(笑)
(⋆ᴗ͈ˬᴗ͈)”︎💕︎💕"
39,female,@kloopachiKumirn こちらこそ！和歌山同士嬉しいですよね🙌🙌
39,female,@kloopachiKumirn フォロバありがとうございます(∩´∀`∩)💕よろしくお願いします！
39,female,"こないだの｢HYDEサザン｣お披露目の日、和歌山来てたんやね！！
和歌山を広めてくれてるの嬉しいわ～🙌
ラルクのツアーでも和歌山来て欲しいな…😆
#HYDEサザン 
#和歌山 https://t.co/S4Y0ectSc2"
39,female,"RT @makoto616303331: そうそう💡💡
このKKXXジャケットのチャック、結構いいの使われてるんだよね🤩

こういう細かいところまでこだわりもって、ひとつひとつグッズ作ってくれる倖田來未様ホント好き🥰🥰

だからこの値段なんだなって思えるし、大事に使おうって思え…"
39,female,RT @___La9300: 組会のお知らせ🙋‍♀️💜3月14日(土)19:00〜新宿で新年会をします！締切は2月15日😈確実に来れる方のみグループ招待します、来れる方は@___La9300か@naruG1023 に連絡ください！
39,female,"RT @naruG1023: 拡散希望‼️‼️
ヨロシクお願いします🤩✨✨
みんなでわちゃわちゃやりましょー‼️‼️"
39,female,@Beni0117ymh お誕生日おめでとう⸜(* ॑꒳ ॑*  )⸝⋆*🎂🎉🎊㊗️🎉
39,female,@Beni0117ymh お誕生日おめでとう〜🎂🎁🎉🎊╰(*´︶`*)╯💛❤️
39,female,@kadumi93 はい！🤗またよろしくお願いします🙋‍♀️🙇‍♀️
39,female,"@kadumi93 効果あったら教えて下さい！！
m(__)m"
39,female,@luu_shii03 ですね💛(๑˃̵ᴗ˂̵)  着物着たいです〜。
39,female,@luu_shii03 わかりますー！私も2回目ですが、着物着たいです😆😆
39,female,"観れて良かった❤
くぅちゃん最倖～❤❤
#ももいろ歌合戦 
#ももいろ紅白歌合戦 https://t.co/oKuS53V7WT"
39,female,@metalyuki666 てへっwww
39,female,@metalyuki666 ツイート消しとこ😂💦💦
39,female,@metalyuki666 あ！本名を晒してしまった(笑)
39,female,@custom0610 暖かくしてゆっくりしてね⸜(* ॑꒳ ॑*  )⸝⋆*
39,female,@seikohitonooya 一緒です💦
39,female,@Lucky_pinro ありがとうございます🥰🙌🙌🙌
39,female,"@TERU232123639 テルさんも気を付けてね！
私も余裕を持った運転 心掛けるよー👍👍"
39,female,@chiiitan06 そうですよね！ほんとに気を付けましょう！👍👍👍
39,female,"今日は朝から車とバイクの事故現場を見ました。
バイクの方 倒れて動け無い様子でした。
自分も含め、運転気を付けましょう！
バイクの方無事でありますように。"
39,female,"@fDKkZ2Vrfs9HNto わーい♡(*´∀｀*)人(*´∀｀*)♡
とれとれ市場楽しんで下さいねー！👍👍👍👍"
39,female,"@fDKkZ2Vrfs9HNto 和歌山へようこそ！千葉から長旅お疲れ様です😆❤️
和歌山は自然がいっぱいあって温泉もオススメなんですよー🤗🤗"
39,female,"RT @gt__yon: 絶対この言葉で救われる人たくさんいると思う
#EXI怒 https://t.co/02g2BV909o"
39,female,"@koda93you えー！めっちゃ好きなやつ❤
懐かしいね！"
39,female,@fDKkZ2Vrfs9HNto 素敵です😍😍
39,female,"@tM9krWkxH32ne35 私 それやったら、｢発情」やったよ？🤣💦
リア充は羨ましいわ👍👍"
39,female,@koudyui 初めまして❤コス完成度高いですよね！😍たのしく見させてもらってますよ！
39,female,@naruG1023 年末年始、とっかえひっかえでwww😂🤣
39,female,"@tensinowanko テルさん 発狂wwwwww
🤣😂🤣😂🤣😂🤣😂🤣😂"
20,male,"誰かと喋りながらオンラインでゲームするっていうのがちょっとした夢でしてね
それがようやく叶って大満足
近いうちにまたやりたい"
20,male,小学生の頃からゲーム自体は好きだったんだけどさ、大学生になるまで家にネット環境がなかったからさ、オンラインというものをしたことがなかったんよ
20,male,金がようやく仕事した https://t.co/Uzkv1luPdE
20,male,"なるほどねピッコロ大魔王のLRね
天下一のバナーにいたからおそらくローカルなんだろうな"
20,male,"時ちゃん2種
むずい https://t.co/CpzKBPa6ZN"
20,male,"ゲンガーがトレンドに
めちゃめちゃタイムリーだな
ゲンガーのふっくらした感じかわいい"
20,male,"いや〜いい性能してる
この王子の絵好きだから嬉しい極限 https://t.co/m5XbSph5Io"
20,male,"酒丸々1ケース落として凹ますわ
商品とぶつかり落とすわ
飲料も落とすわで散々な1日でしたね
だからもうあれだ、疲れてるんだわ
明日がなかったら病んでた"
20,male,"バ先から早く来れるかというクソみたいな電話が来てしまった
朝の時点でもう疲れてるんだけどなー"
20,male,レジェンズはこれを実装したからドカバトにも繋ぎのフェスでいいから実装して(ずっと待ってる) https://t.co/iA0JbgWer4
20,male,今日一日頑張れば休みだ
20,male,"パンダのスタンプかわいすぎてしんどい
パンダだけで会話できちゃうけど、手持ちのパンダじゃ会話を締めれない
推したい"
20,male,"知の未来悟飯って誰も使わないのか？
使いたいのに全然出てこん"
20,male,サイヤの日まですることないな
20,male,あと1日耐えればようやく丸一日の休みだ
20,male,"ギンガの一話が配信されてたから久しぶりに見たら懐かしすぎた
ニュージェネ一発目が始まったのって確か中学の時だったんだよな
ゼロの存在が円谷を救ってニュージェネに繋がったから本当にゼロは偉大だ"
20,male,"最近はよく原作絵の商品を出してくれる
いつか缶バッジも出してほしいな https://t.co/DwbIF3c9F6"
20,male,"クウラが強いのは十分わかってるし、交換価値大有りなんだけど、年末の超2ベジータも捨てがたいんだよな
強さで選ぶか推しを選ぶかだな"
20,male,クウラ交換しようか迷うな
20,male,@ko_n5_tr_jo_ あい、ボコってらっしゃい
20,male,@ko_n5_tr_jo_ 4つ以上バッジあったら捕まえれたはず(?)
20,male,@ko_n5_tr_jo_ 晴れの日しか出ないから気をつけてね
20,male,"バイト終わりも爆音で聴いて帰ってきたけど本当に良い曲なんだ
2番のサビの歌詞がめちゃ美
早く語りたい
一番は映画館で聴きたい"
20,male,"延期は辛いけど楽しみに待ってよう
歌と声が良き、生きれる
見つけたフロンティアから終わりまでの部分が個人的には大好きです
ライブで盛り上がりそう https://t.co/clDuk0SkZn"
20,male,"RT @sakai_saigai: 重大事件の発生（大阪府警察提供）
3/4 AM7:45ころ、大阪狭山市岩室1丁目付近路上において､成人男性が刃物で刺されるという事件が発生。犯人は、年齢20歳前後、身長170～175cm位、ぽっちゃり型の男性で、徒歩で逃走中です。このような男…"
20,male,ドカバトにも早く来てね
20,male,"RT @db_legends_jp: あの名シーンが甦る！
【""ラディッツ""・""孫悟空""・LEGENDS LIMITED""ピッコロ""が登場!!】
ラディッツはバトル開始序盤、自身に多数の消去不可な能力強化を付与！
悟空は究極技「曲がるかめはめ波」持ちだ！
ピッコロの必殺技「魔貫…"
20,male,"can you hear meって言ってたのか
歌詞がエモい"
20,male,RT @sugitaLOV: そうだね。わかるよ。 https://t.co/AjlHUka7n0
20,male,"5周年が良すぎたからまぁ今回はしゃーない
当たる時は当たる
当たらない時は当たらん"
20,male,終わり https://t.co/3gB306O6Os
20,male,"激怒悟空に変身ベジータに変身クウラか…
ワンチャン1位取りそうなピックアップ クウラ欲しいな"
20,male,"足が重いぜ！
この後にバイトとかなんていう名前の地獄じゃ！？"
20,male,まだ何も始まってないけど帰りたい
20,male,"夜遅くにバイトが終わり朝早くからはあれがあるし、終わったら次はバイトだし、もぉやだやだやーだー
いろんなものに癒されたいよ〜"
20,male,"この悟飯ちゃんのイラストあったっけな？
ウイスさんの覚醒前かわいい https://t.co/QvhigcroqV"
20,male,"【ドラゴンボールZ ドッカンバトル】
5周年を記念したキャンペーンは、まもなく終了！
期間中にイベントやミッションを遊びつくして、報酬を余さずGETしよう！
▼公式サイトはこちら
https://t.co/NQQEykAvVC
#ドッカンバトル #ドラゴンボール"
20,male,RT @tomoyanandayo: 未来人　来て欲しい https://t.co/3qxwmaaIvG
20,male,"一番辛いのは作品を作り上げてきたキャストスタッフなのは間違いない
我々にできるのは再び公開が決まった時に観に行くこと 
何歳になろうとずっと大好きなヒーローだから公開が決まったら必ず応援しに行きます！
頑張れタイガ！！！！"
20,male,"【ドラゴンボールZ ドッカンバトル】
5周年を記念したキャンペーンは、まもなく終了！
期間中にイベントやミッションを遊びつくして、報酬を余さずGETしよう！
▼公式サイトはこちら
https://t.co/NQQEykAvVC
#ドッカンバトル #ドラゴンボール"
20,male,ガイさんは本当にかっこいいな
20,male,"グリージョ可愛かったな
早く観たい"
20,male,"ビルス様マジか！？
てかウイスさん強えぇ"
20,male,"夜遅くに終わって朝からのバイトはしんどいな
グリージョちゃんリアタイしたかった"
20,male,"情緒が安定しない
一年くらい前からだけど
感情の波が我ながらすごいよ
そろそろ心身ともにケアされたい"
20,male,ネットでDVDとか買った時に中々届かない時に使えそう https://t.co/RHYxiVcKqb
20,male,"【ドラゴンボールZ ドッカンバトル】
5周年を記念したキャンペーンは、まもなく終了！
期間中にイベントやミッションを遊びつくして、報酬を余さずGETしよう！
▼公式サイトはこちら
https://t.co/RCtDLGLvfK
#ドッカンバトル #ドラゴンボール"
20,male,いじわるなMJいいな
20,male,働きたくない
20,male,双眼鏡のレニーかわいいから好き
20,male,いつも敵にされるポテトヘッド
20,male,"あ〜長かった
これで明日は長時間バイトか"
20,male,"帰りたい〜
まるで学校"
20,male,"まぁユニバもそうなるよね
寂しいな"
20,male,"【ドラゴンボールZ ドッカンバトル】
最後まで盛りだくさんの5周年！
「5周年記念！チケットガシャ」終了まであと少し！
「記念ガシャチケット」を使って、忘れずにガシャを引いておこう！
▼公式サイトはこちら… https://t.co/7KFkLRSUZi"
20,male,ニュージェネの集大成にふさわしい主題歌だし映画も楽しみだからタイガには報われてほしい
20,male,タイガは令和一発目のウルトラマンだけど放送直前でのトラブルだったり今回の舞台挨拶中止だったりと色々辛い経験をしてるけど映画は是非とも完走してほしい
20,male,予告で何回もリピートして聴いてたけど今の自分のメンタルの問題もあるけど聴く度泣かされる
20,male,"【ドラゴンボールZ ドッカンバトル】
最後まで盛りだくさんの5周年！
「5周年記念！セレクトドッカンフェス」開催中！
ラインナップの中から好きな1体を秘宝「ゴッド龍石10」との交換で忘れずに仲間にしよう！
▼公式サイトはこちら… https://t.co/KG07b4lVz7"
20,male,"ドラマティックな〜(世界は)のところが予告の時点からたまらなく好きでした
聴きました、やっぱり好きです"
20,male,"【ドラゴンボールZ ドッカンバトル】
最後まで盛りだくさんの5周年！
「5周年記念！55連ガシャ」開催中！
ミッションなどで「55連ガシャチケット」を55枚集めて「5周年記念！55連ガシャ」を引いてみよう！
▼公式サイトはこちら… https://t.co/ZKEib4BXrt"
20,male,やったぜ！ https://t.co/dVKK25LK20
20,male,"☺️
周年前に推しを出してくるとは… https://t.co/WKSjcBVcWA"
20,male,"【ドラゴンボールZ ドッカンバトル】
最後まで盛りだくさんの5周年！
5周年を記念したミッション第3弾が開催中！
第3弾までの限定ミッションを全てクリアすると「スペシャルステッカー」をGETできるぞ！
▼公式サイトはこちら… https://t.co/SXYWabwmyA"
20,male,昨日もディーコンが保安官してたのか…
20,male,RT @gohikuniha3: 徐々に近づいてくるサザエさんのオープニング https://t.co/TVy2KIkClT
20,male,"【ドラゴンボールZ ドッカンバトル】
最後まで盛りだくさんの5周年！
チャレンジイベント「インフィニットドラゴンヒストリー」にステージ6が登場！
待ち受ける強敵たちに挑戦してみよう！
▼公式サイトはこちら… https://t.co/p9AhDSDjRq"
20,male,"vジャンの銀河パトロール囚人編の最新話見たけどまさか悟空の方が先に到着するとは珍しい
これは王子の活躍に期待していいってことですかね"
20,male,"やばすぎ！
ドカバトでもこのイラストのロゼ様好きなんでなおさら嬉しいですね https://t.co/jXCXWehocl"
20,male,"今回一番高いと言われてるロゼ様が当たりました
大本命です https://t.co/EpZ633sLiC"
20,male,"ドカバトコラボのくじ5回引いたんですよね
そしたら… https://t.co/69W8KniVlv"
20,male,"【ドラゴンボールZ ドッカンバトル】
最後まで盛りだくさんの5周年！
「極限Zエリア 人間0計画」開催中！
LRザマス(孫悟空)は極限Z覚醒が可能に！
覚醒メダルを集めて、さらなる高みを目指そう！
▼公式サイトはこちら… https://t.co/94T2TNGKR3"
20,male,変身持ちのキャラはステッカー貼るだけで数種類見れるから得だな
20,male,"迷ったけどやっぱり最初はベジータで
いや〜綺麗だ https://t.co/iMwrA7AGx9"
20,male,"【ドラゴンボールZ ドッカンバトル】
最後まで盛りだくさんの5周年！
「とどけ希望の光！がんばれトランクスキャンペーン」開催中！
お題を達成して「龍石」や「壁紙」など豪華報酬をGETしよう！
▼公式サイトはこちら… https://t.co/jv98ZSJyqI"
20,male,"やべぇな…
今までで一番神引きかもしれん"
20,male,"【ドラゴンボールZ ドッカンバトル】
最後まで盛りだくさんの5周年！
「超次元融合合体！5周年神越DOKKAN謝祭」の第3弾が開催中！
イベントやミッションなど、最後まで余すことなくドッカンと楽しもう！
▼公式サイトはこちら… https://t.co/XTKvr2E2hu"
20,male,"20体の内持ってるのが6体か…
できればダブりたくないが初期の方のLRは避けたい
カリケルorゴクフリが出れば大満足"
20,male,"【ドラゴンボールZ ドッカンバトル】
まだまだ続く5周年！
極限Zバトルを大量復刻して開催中！
この機会に数々の強敵に挑戦してみよう！
▼公式サイトはこちら
https://t.co/NQQEykAvVC
#ドッカンバトル #ドラゴンボール"
20,male,全然金のスキル玉が落ちん
20,male,"明日明後日ぐらいから第3弾始まるかな
早く55連引きたい"
20,male,フレンドさんにお借りしたバンパ組使ったけど強いしチライちゃんかわいい https://t.co/FOPlmKWkq6
20,male,"【ドラゴンボールZ ドッカンバトル】
まだまだ続く5周年！
秘宝「5周年コイン」との交換で豪華アイテムをGETできるぞ！
ログインボーナスやミッションで秘宝「5周年コイン」を集めよう！
▼公式サイトはこちら… https://t.co/ht6cbB5d5e"
20,male,楽しく描けましたロゼ様 https://t.co/pDM8JCQ8zY
20,male,RT @wat_son_: マホイップが可愛すぎて死ぬ人 https://t.co/KD2AA8NtWV
20,male,"【ドラゴンボールZ ドッカンバトル】
まだまだ続く5周年！
5周年を記念したミッションで豪華報酬をGETしよう！
1日1回のみ挑めるイベントのクリア回数に対応したミッションもあるので、お見逃しなく！
▼公式サイトはこちら… https://t.co/fdR3E61RzJ"
20,male,いや〜かわいい https://t.co/N3L0QYIV7D
20,male,"【ドラゴンボールZ ドッカンバトル】
まだまだ続く5周年！
「頂・伝説降臨」開催中！
LRまでドッカン覚醒可能な新SSRゴクウブラック(超サイヤ人ロゼ)とブロリーは超必見！
▼公式サイトはこちら
https://t.co/NQQEykAvVC
#ドッカンバトル #ドラゴンボール"
20,male,ポタラカテゴリ https://t.co/ijrJhsdzWY
20,male,超4コンビ https://t.co/5RUum385NF
20,male,"魔師弟
いつもクオリティ高いんですけど今回はピッコロが一番良いかもしれない https://t.co/KUTYjzrKme"
20,male,探すのに苦労しただけあって大満足 https://t.co/lJu8zWEbe6
20,male,"【ドラゴンボールZ ドッカンバトル】
まだまだ続く5周年！
「超激戦BOSSラッシュ」はステージ10まで登場！
熾烈な闘いに勝利して大量の「龍石」をGETしよう！
▼公式サイトはこちら
https://t.co/NQQEykAvVC
#ドッカンバトル #ドラゴンボール"
20,male,"かわいい
 #ポケモン剣盾 #NintendoSwitch https://t.co/pQVS78NuVS"
20,male,"いや〜あるつもりでいたからだいぶショック
バイト行く気なくした、元からないけど"
20,male,まぁ本来は明日だし明日また別のところに冒険するか
20,male,超戦士フィギュア発売日明日とはいえどもいつも前日に売ってるとこに買いに行ったがもうほぼ買われてたし在庫もないって言われたから萎え萎えの激萎え
20,male,6時間弱ぶっ通しはダメよ
20,male,"【ドラゴンボールZ ドッカンバトル】
まだまだ続く5周年！
チャレンジイベント「インフィニットドラゴンヒストリー」開催中！
ステージ5では「ドラゴンボール超　ブロリー」の強敵たちが待ち受けているぞ！
▼公式サイトはこちら… https://t.co/meEjRcWzmZ"
20,male,まじか、選べちゃうの https://t.co/l3mVlQ2yh1
17,female,@Airi1146 覚えられる自信0だけどふるたんたかたん覚えれたなら……(　˙-˙　)
17,female,@Airi1146 可愛すぎて無理すぎるごめんほんとにかわいいごめん、！、。。？
17,female,@Airi1146 きゅん、早く会おう🦍🦍
17,female,@misaki_riru @Airi1146 サンリオかディズニーだったの！！ね！古田！
17,female,@sakurisa_819 @Airi1146 行ってみたい！！！！！！！！！！！！！！！！！！！
17,female,"🤍

#vsco 
#vscocam 
#photography
#tagsforlikes
#얼스타그램
#셀스타그램
#옷스타얼스타그램그램
#오오티디 https://t.co/oLM1DpqEfI"
17,female,"#vsco 
#vscocam 
#photography
#tagsforlikes
#얼스타그램
#셀스타그램
#옷스타얼스타그램그램
#오오티디 場所: Tokyo Disneyland https://t.co/MZI471dcWw"
17,female,@yossi173 @Airi1146 ディズニー！！
17,female,RT @Airi1146: kataomoi ... 🐁 https://t.co/l4wCgrzdHt
17,female,"楽しかったネズミランド🐭

@Airi1146 https://t.co/CkRaBMGagN"
17,female,"🐭🐭

#vsco 
#vscocam 
#photography
#tagsforlikes
#얼스타그램
#셀스타그램
#옷스타얼스타그램그램
#오오티디 https://t.co/khXQWyjjxT"
17,female,"RT @airi_nana_630: わんだふる大好きだあ〜
りるたんとゆうかちゃんに届け〜！
@Airi1146 @yuka_wada_ https://t.co/r4kYB87YYQ"
17,female,@osechi__628 @Airi1146 天才やない？
17,female,@i_am_miri0630 @Airi1146 今日ユニバのマリオできたら行きたいよねって話してたところ^ - ^
17,female,@konoka93698424 @Airi1146 音楽なってからだよ！ってちゃんと伝えたのにほんとにこの子すぐ顔だしちゃう！んもう！かわいいんだから！^_^❤️
17,female,@misaki_riru @Airi1146 好き同士両思い。。。
17,female,"RT @Airi1146: 久々に会えました~
話尽きなくてずっと笑ってた☺︎愛！ https://t.co/fHXBA80S23"
17,female,"少し遅くなりましたがあけましておめでとうございます⛩

#vsco 
#vscocam 
#photography
#tagsforlikes
#얼스타그램
#셀스타그램
#옷스타얼스타그램그램
#오오티디
#2020 https://t.co/QHVQv6kjey"
17,female,"少し遅くなりましたがあけましておめでとうございます⛩

#vsco 
#vscocam 
#photography
#tagsforlikes
#얼스타그램
#셀스타그램
#옷스타얼스타그램그램
#오오티디
#2020 https://t.co/QHVQv62In0"
17,female,"@Airi1146 アイタクテー
イトオシクテー
コイシクテー"
17,female,"斧と韓国🇰🇷

#vsco 
#vscocam 
#photography
#tagsforlikes
#얼스타그램
#셀스타그램
#옷스타얼스타그램그램
#오오티디 場所: Kakao Friends https://t.co/owKmxgL2K8"
17,female,@sanariru17 @Airi1146 早く会いたいなあ~遭遇してみたし~♡
17,female,"RT @NEYA_KAN: #ネヤカン 上映まであと3日。
#12月14日はネヤカン https://t.co/j5Z4VNsCJ0"
17,female,@waffle_1206_ @Airi1146 おめでとう💜おめでとう💜
17,female,@ta_mu_ko_da_yo_ かわちいありがとう😊💜
17,female,"おめでとう㊗️

日々美化し続けてる古田最近LINEするたびに美化していってるって言ってる気がする🤭💜 https://t.co/zxubJb3fLR"
17,female,"mickey mouse

#🐰
#vsco 
#vscocam 
#photography
#tagsforlikes
#얼스타그램
#셀스타그램
#옷스타얼스타그램그램
#오오티디
#mickeymouse 場所: 夢の国 https://t.co/2sOc5cConJ"
17,female,"今年はこのポーズが流行るって友達が言うからやってみた。和歌山から親友が遊びに来てます、楽しい👩‍❤️‍💋‍👩

#vsco 
#vscocam 
#photography
#tagsforlikes
#얼스타그램
#셀스타그램… https://t.co/VorlROEACs"
17,female,"RT @NEYA_KAN: @ryokaneya @atom_mizuishi @mso_k_0423 @Chibicco_ @aotoshino_02 @sayapis55 @Keiichi4 @sseekkyy @_humpback_ 『根矢涼香、映画監督になる。』
#ネヤ…"
17,female,"RT @NEYA_KAN: @ryokaneya @atom_mizuishi @mso_k_0423 @Chibicco_ @aotoshino_02 @sayapis55 @Keiichi4 @sseekkyy @_humpback_ 『根矢涼香、映画監督になる。』
#ネヤ…"
17,female,@Airi1146 @ta_mu_ko_da_yo_ ニヤニヤ
17,female,@Furuta_lovel きゅん＾＾
17,female,@misaki_riru @Airi1146 もっと言え~🖤
17,female,みんなぜひみてください(^^) https://t.co/amxpk1t7jJ
17,female,"RT @NEYA_KAN: @ryokaneya @atom_mizuishi @mso_k_0423 @Chibicco_ @aotoshino_02 @sayapis55 @Keiichi4 @sseekkyy @_humpback_ 『根矢涼香、映画監督になる。』
#ネヤ…"
17,female,"RT @NEYA_KAN: @ryokaneya @atom_mizuishi @mso_k_0423 @Chibicco_ @aotoshino_02 @sayapis55 @Keiichi4 @sseekkyy @_humpback_ 『根矢涼香、映画監督になる。』
#ネヤ…"
17,female,"RT @NEYA_KAN: 『根矢涼香、映画監督になる。』
#ネヤカン 第1話-1
「ハイ、すいません」

#根矢涼香 @ryokaneya
#水石亜飛夢 @atom_mizuishi
#上田操 @mso_k_0423
#椚ありさ @Chibicco_
#青戸しの @aotos…"
17,female,成長👶 https://t.co/aVhIyPASrY
17,female,@n7t2n1furuta @Airi1146 はーと！
17,female,幸~愛~好~👩‍❤️‍💋‍👩 https://t.co/oNOA7eSsEm
17,female,👭👭👭 https://t.co/nJLul9xo2k
17,female,"BLACK🖤

スカートの形がおかわです🖤 https://t.co/nOUnR2Xje9"
17,female,"RT @NEYA_KAN: 第4話-1は、劇中劇回！
未来を担うヒロイン4人による渾身の演技。
是非、ご覧ください。

写真は4人のオフショットですが、フォトジェニック過ぎて別の作品が始まりそう、、
スピンオフ希望！🎬

#椚ありさ @Chibicco_
#青戸しの @aoto…"
17,female,"RT @ryokaneya: えっクビですか
#ネヤカン 第4話。どう巻き返したらいいんだ！続きはまた明日
イケメンゾンビな時岡司さん。待機中座ってるだけなのに不意打ちでみんなビビっておりました。
劇中劇ゾンビ対抗JKズ。森累珠ちゃん、和田優香ちゃん、青戸しのちゃん、椚ありさち…"
17,female,"おのずわるど

#vsco 
#vscocam 
#photography
#tagsforlikes
#얼스타그램
#셀스타그램
#옷스타얼스타그램그램
#오오티디 https://t.co/gIlp8t7zGI"
17,female,"あき~🍁🍁🍁🍁

#vsco 
#vscocam 
#photography
#tagsforlikes
#얼스타그램
#셀스타그램
#옷스타얼스타그램그램
#오오티디 https://t.co/91s5Ynb9j7"
17,female,"🐩🐩🐩

お洋服はタグ付けしてます🏷

#vsco 
#vscocam 
#photography
#tagsforlikes
#얼스타그램
#셀스타그램
#옷스타얼스타그램그램
#오오티디 https://t.co/rGmiWSn3h5"
17,female,"ふるてぃん~♡

#vsco 
#vscocam 
#photography
#tagsforlikes
#얼스타그램
#셀스타그램
#옷스타얼스타그램그램
#오오티디
#oioi https://t.co/reRYA6QVMq"
17,female,@Airi_love24 @Airi1146 かわいすぎ😂💜💜
17,female,@miiiiikana12 @Airi1146 嬉しい😃
17,female,@papico_626 @Airi1146 すこ~
17,female,おそろげっつした~🎃 https://t.co/JU5MJXmRCg
17,female,RT @Airi1146: O!Oi ~🎃🎃🎃 https://t.co/yl7H4e3Zpm
17,female,@Tonchaaa_as 惚れて、おはよん^_^
17,female,"iPhoneのカメラにハマるこの頃📸

#vsco 
#vscocam 
#photography
#tagsforlikes
#얼스타그램
#셀스타그램
#옷스타얼스타그램그램
#오오티디 https://t.co/XZHwTXidn1"
17,female,@rinorino1117 似てきたかな？やっぱり運命の日に似るって言うもんね＾＾
17,female,@pimetandao1146 あ、それでとったこやつ私のジョージ愛してるぜ
17,female,好きすぎると困っちゃう。 場所: 夢と魔法の国 https://t.co/U1A1li7lk1
17,female,"りるとおでーとしてきた

美味でした◯

#vsco 
#vscocam 
#photography
#tagsforlikes
#얼스타그램
#셀스타그램
#옷스타얼스타그램그램
#오오티디
#gogoタッカルビチーズマニマニ https://t.co/qRduQ0xSgp"
17,female,"RT @B3QpjhSNlYruFzH: わんだふる🌙

わんだふるこれからもずっとだいすきでふ❤︎
らぶ❕❕
@Airi1146 @yuka_wada_ https://t.co/lhykmvvmF3"
17,female,@Airi1146 えちえち~きゃわ🖤
17,female,@kirari_1016_ おめでとうございます㊗️♡
17,female,"ニキビを探せ！！！

#vsco 
#vscocam 
#photography
#tagsforlikes
#얼스타그램
#셀스타그램
#옷스타얼스타그램그램
#오오티디 場所: 夢と魔法の国 https://t.co/epaUXmQreK"
17,female,"🐭🖤

楽しい1日でした🧞‍♂️

#vsco 
#vscocam 
#photography
#tagsforlikes
#얼스타그램
#셀스타그램
#옷스타얼스타그램그램
#오오티디
#オズワルド 場所: 夢と魔法の国 https://t.co/rdUD8q6Ae6"
17,female,@TAKEKOSAM ありがとう😊インスタもありがとうね♡
17,female,@B416R6uy4ZA91ch @Airi1146 することがかわいい、
17,female,RT @Airi1146: ジョージ🐵 https://t.co/YocmLJepsu
17,female,はい、だいすき https://t.co/f98jM0FBTF
17,female,@p_miokudo お誕生日おめでとうございます🎈♡
17,female,@Airi1146 アオハル~きゅんかわいい♡
17,female,@pimetandao1146 @Airi1146 じょーじ(^^)
17,female,"わんだふる

#vsco 
#vscocam 
#photography
#tagsforlikes
#얼스타그램
#셀스타그램
#옷스타얼스타그램그램
#오오티디 https://t.co/Sbik6IEpit"
17,female,"ニキビ飼育中

#vsco 
#vscocam 
#photography
#tagsforlikes
#얼스타그램
#셀스타그램
#옷스타얼스타그램그램
#오오티디 https://t.co/72HjXlYAXr"
17,female,"みくてぃんありがとう♡

いやあ、なつかしすぎる、、、（ ;  ; ） https://t.co/LhRcSxxBZ7"
17,female,"ジャージャー麺食べて服汚しました佐々木と和田です。

#vsco 
#vscocam 
#photography
#tagsforlikes
#얼스타그램
#셀스타그램
#옷스타얼스타그램그램
#오오티디 https://t.co/vnk9v0x5AX"
17,female,@LoveL_sayapon @Airi1146 愛
17,female,@sk_rrtsnr @Airi1146 しっかりしたヲタクすぎた、、、笑笑
17,female,@co_ki_1107 カムサハムニダ~
17,female,"birthday girl ♡

#vsco 
#vscocam 
#photography
#tagsforlikes
#얼스타그램
#셀스타그램
#옷스타얼스타그램그램
#오오티디 https://t.co/U2FSWZ0em1"
17,female,@karetamu0618 @Airi1146 おそろっぴ~♡
17,female,おはよ~(-_-)zzz
17,female,@maarin_lovel こちらこそありがとう💜すき~ちゅ！
17,female,ディズニー行きたい。 https://t.co/NEnye6hemF
17,female,"カスタード味が一番好きです。

#vsco 
#vscocam 
#photography
#tagsforlikes
#얼스타그램
#셀스타그램
#옷스타얼스타그램그램
#오오티디 https://t.co/DCS7ebqocq"
17,female,@papico_626 @Airi1146 正解
17,female,"現像するの楽しみだな~📸

#vsco 
#vscocam 
#photography
#tagsforlikes
#얼스타그램
#셀스타그램
#옷스타얼스타그램그램
#오오티디 https://t.co/nJQc1rYazn"
17,female,"🖤🖤🖤🖤🖤

#vsco 
#vscocam 
#photography
#tagsforlikes
#얼스타그램
#셀스타그램
#옷스타얼스타그램그램
#오오티디 https://t.co/uOzwQknNMT"
17,female,@________anz ありがとうございます😭💜🍒
17,female,@yerirenen @Airi1146 ぎゃんかわ~🍒たのしみ
17,female,@Airi1146 あれ載っけようか迷った、、😹
17,female,"わんだふるディズニー♡

ぷにくら~♡ https://t.co/cUExX6CEzr"
17,female,"このカチューシャずっと付けたかったの！！！！念願~♡

#vsco 
#vscocam 
#photography
#tagsforlikes
#얼스타그램
#셀스타그램
#옷스타얼스타그램그램
#오오티디
#ディズニーシー 場所… https://t.co/N2jNcbRQZP"
17,female,"好き~♡

#vsco 
#vscocam 
#photography
#tagsforlikes
#얼스타그램
#셀스타그램
#옷스타얼스타그램그램
#오오티디
#ディズニーシー 
#tdc https://t.co/uNVqtFMziv"
17,female,古田の専属カメラマン https://t.co/and559hlKQ
17,female,楽しすぎた、戻りたい、余韻~♡ https://t.co/Mek1D7ytvT
17,female,"湿気に負けた日

#vsco 
#vscocam 
#photography
#tagsforlikes
#얼스타그램
#셀스타그램
#옷스타얼스타그램그램
#오오티디 https://t.co/ZPpq4A6orU"
17,female,@airiLOVE1126 ありがとう😊♡
17,female,"箱根旅行終了🚃💐

#vsco 
#vscocam 
#photography
#tagsforlikes
#얼스타그램
#셀스타그램
#옷스타얼스타그램그램
#오오티디
#箱根
#箱根旅行
#星の王子様ミュージアム 場所: 星の… https://t.co/Gi47RUxwZb"
17,female,@Airi1146 めちゃくちゃ楽しみにしてた感じ感すごいよね笑
17,female,"箱根2日目も楽しいでした！！ご飯美味しくてでぶになるわ！！！！！

ブラックコーデ日！！！！！ https://t.co/o3wqdYY9x6"
27,male,松屋おいしー / @mizuyuno_ キャス https://t.co/7QvXUFh5Nd | 02:42経過
27,male,@KojuTpxx たしかにきついわ1人だと！
27,male,色々外にも出てきたけど一番はTwitterなんだよな
27,male,RT @CINO_ch: バカみたいなツイートする暇があったらバイトして金稼いでその金で髪型と服装整えて外出してみろ、マジで人生変わっから
27,male,@KojuTpxx そりゃ中央線は混むよな
27,male,"RT @makkurokuroino: 彼女「ねえ、私達ってそんな関係じゃなかったよね？私のこと、あんなに好きだって言ってたあなたはどこに行っちゃったの？もういないの？」
店員「そこになかったら無いですね」

#大事な会話に店員が混ざってくる"
27,male,@coco_millmi たぶん( ˘ω˘ )
27,male,@coco_millmi いやそれ写真やで
27,male,"RT @nbaji9: 彼「娘さんを僕にください！」
店員「ご一緒にポテトはいかがですか？」

 #大事な会話に店員が混ざってくる"
27,male,@homu_yuusyabu ああ！BOØWYですね
27,male,RT @mizuyuno_: 足 https://t.co/yB006yNDb2
27,male,RT @kosikudak_enjoy: 我が家のアイルー https://t.co/WUVay4NNCq
27,male,"@homu_yuusyabu まあお金使うのはよくわかりますwww
リア友とパチンコなんて最高じゃないですか！そういうのやりたいですね"
27,male,"@homu_yuusyabu 仕事の鬼ですね(●´ω`●)ひたすらにストイックで尊敬します
パチンコ友達だと思う時代僕にもありました"
27,male,"@homu_yuusyabu パチ率高いですねwwww面白いからわかりますよ
話が合う人と長く続く方がいいと思いますよ😉"
27,male,@___Caster___ まじか！！！プラマイゼロかな
27,male,RT @cot_not: 池の水面に張った氷の割れ目で光が分光して虹色に https://t.co/wyEgCjbPid
27,male,これは飲み屋の人が言ってた
27,male,RT @fukazume_taro: マツコや有吉の「毒」が心地よく感じられるのは、相手に対するリスペクトが感じられるからで、上っ面だけを真似をするとただただ性格の悪い人間にしか見えなくなるし、その辺で失敗してるのが坂上忍だと思う。
27,male,@___Caster___ 炭水化物多い_(┐「ε:)_ｽﾞｺｰ
27,male,"RT @ROl_ZE: MHW勢「キャラメイク凝ってもフィールドじゃブサイクだ！（不満）」

MHW難民「どうせ防具で見えなくなるからいいだろ！ガタガタ文句を言うな」

製作者「今作は設定から『頭防具の表示の有無』を変更することができます」"
27,male,いつかツイッターで見たブリッジほむらちゃんすき https://t.co/ONmtLwcPUP
27,male,@homu_yuusyabu 見ましたね！結構見てました
27,male,夢の中であったような
27,male,いやチャージとカラオケ歌い放題無料って凄くねBAR ボトル入ってたらピッチャーしかかからんな
27,male,@homu_yuusyabu ほむらちゃんアイコンにしてました？😉
27,male,@homu_yuusyabu 緋弾のアリアですねー
27,male,"@homu_yuusyabu もうそんな経つんですね(●´ω`●)
趣味が似てるので話すきっかけは過去にもありそうですもんね
流石に名前違うとわからないです_(┐「ε:)_ｽﾞｺｰ"
27,male,"@homu_yuusyabu かなり長いですね😂
フォロワー全員把握してないので気づきませんでした😱
おれはツイッターはモンストで言うとテキーラ全盛期から始めました"
27,male,"@homu_yuusyabu おれの月火アイコン知ってるって元の垢からの繋がりですね！！
月火ちゃんにしてましたよー"
27,male,@homu_yuusyabu キャラは月火ちゃんがホント好きです😉
27,male,紛れもなく人生において天国と地獄を味わったんだな
27,male,"@homu_yuusyabu まあ長いですからね😂
アニメ好き嫌いありますよ
僕のグロテスクの無理ですし"
27,male,"RT @nashiko_cos: 新年会！
@nnesaka_arisa https://t.co/58Khm4ea2E"
27,male,@Tsubaki_zero それはリアルなあだ名でもあるわな
27,male,"RT @xaqwsx: 紙をはさむと光るおもちゃを作りました。
お札にはさむと「どうだ明るくなったろう」ごっこができます。 https://t.co/xAHDimpqGg"
27,male,"@homu_yuusyabu 終物語後期のは見てないです
あと傷も1部しか見てないです😉"
27,male,"夕食は88円
いけるわ"
27,male,"@homu_yuusyabu 色んなアニメに使われてますからねClariS(●´ω`●)
化物語が一番面白いですね僕は"
27,male,割り箸洗って使うというスタイル
27,male,@homu_yuusyabu あれ物語系ですね
27,male,"RT @kariu_zrx: 目の前で事故起きたなう…💦

スバル車、頑丈すぎてやばい笑 https://t.co/7X6j1dystq"
27,male,@homu_yuusyabu 曲も特徴的でいいですよね！！border好きです
27,male,二人からリプとか親切設計かよ！(●´ω`●)
27,male,@lllI_ @Le4plolo まじか生ハムもいいな
27,male,"RT @melomea030: なしこぉお↑
今日も可愛すぎて生きる糧だったです！さいこうかよ！ https://t.co/IdEbG6DN5c"
27,male,@lllI_ @Le4plolo 揚パスタ美味そう
27,male,まあ要らない服も会社に捨てよ 服そんな必要ないもんな
27,male,とりあえずマックのアプリ見て腹減ったからカップ麺食って片付けるか物とか
27,male,RT @Mare77141: 最低なツイートするやつも居たもんだ https://t.co/gakTq4ZTtK
27,male,"#このタグを見た人は今考えてることをいう
りんごジュース飲みたいタバコ吸いたい"
27,male,とりあえずりんごジュース飲みたい
27,male,@SiNoAToMoHiSa 同姓ですら周りを乱されたからな人は信用出来ないわ
27,male,@SiNoAToMoHiSa おれは現実だとかわいい子には近づく
27,male,@maria199602222 早い！おやすみなさい
27,male,RT @kosihurikun: 彼女がデニーズのいちごパフェ見て「ブラックローズドラゴン……」って呟いたけどセンスある https://t.co/2f5Nth8xTi
27,male,@o_sakuya_o そうだよね！なにせだるいわ笑
27,male,@o_sakuya_o だから一生孤独でも構わんよ親にも作れと言われているけど
27,male,RT @TLPAW: 頭痛にわハイボール
27,male,"RT @_HARUEDA_: ミニストップのことを""ミニップ""て略してるツイート見て
え？嘘……って思ってたら
「""ミニップ""て略してる人初めて見たよ」ってリプがあって
やっぱそうだよな……ってなったのに
「""ミニスト""でしょ？」
って言ってて
うわぁぁぁ""ミップ""でしょぉぉお…"
27,male,RT @fooooooomin: イオンに取り込まれた熊本のダイエー、光の当たり具合よって看板にダイエーが浮かび上がってくるのこわい… https://t.co/3ZyfcfzN2S
27,male,@meichanxxxx ツイッターやめるとほかのことに集中出来ます
27,male,@o_sakuya_o 他人の為に稼ぐのもホントやだな(●´ω`●)
27,male,@o_sakuya_o だって他人と住むのなんて嫌じゃない？( ˘ω˘ )
27,male,@o_sakuya_o いや老後意外だと1人ほど楽なこと無いんよね(●´ω`●)
27,male,@zakuro1223 ユリはあげたことある
27,male,@o_sakuya_o このままだと一生1人さ
27,male,"RT @blue55_taco: きのうTVで「スリッパの中にアルミホイルを入れてから履くと暖かい」と言っててさっそくやってみた。
何、このあったかさ！？
私の冷え性はどこに？
っていうぐらい、足先がぽかぽかする。
つま先をくるむようにアルミホイルを入れるのがポイント。
靴でも…"
27,male,"RT @sibirerucake: 今日小1くらいの男の子&amp;女の子を見かけたんだけど、別れ際に
男の子「明日も一緒に帰ろうねー！」
女の子「ごめん明日は無理なのー！」
男の子「えー！寂しい！」
女の子「私もー！明後日帰ろうねー！」
って大声で会話してて何か感動さえ覚えた。大人だ…"
27,male,風呂上がりだわビールを飲みたいけど給料日まで我慢かな
27,male,@SiNoAToMoHiSa 基本異性は相手にとって何かメリットが無いと近寄らないと思ってる
27,male,@o_sakuya_o そうだね！老後のために
27,male,風呂
27,male,まあワイ手取り15万だけど10年勤続
27,male,RT @hasebenomisoni: ちょっと惜しんでんじゃねーよwwwww https://t.co/VQ9nCp4y0k
27,male,RT @RI3__: スキーウェア可愛いのに顔面ブス
27,male,RT @GeeGaku: Syamuさんが幽閉されてる「希望の里」去年の8月10日にはもう目をつけていたやつがいたのか…(驚愕) https://t.co/xKr3eVQDWf
27,male,飯安いカップ麺88円これ食ってたら食費かからんぞ
27,male,"#どうやったらフォロワー増えますか
そりゃたくさんツイッターに上がること、1日8時間。アイコンかわいいオリジナルとかタグ、やるとか"
27,male,RT @miotears: どっち
27,male,とりあえず風呂準備
27,male,"RT @5fu6m023orin: ああ、そういうことか
写真にゴキブリいるのかと探してしまった"
27,male,まああんまり悪く言うのやめてあげるけど仮想通貨やらなくて良かったε-(´∀｀*)ホッ
27,male,鼻血です
27,male,@lllI_ すごい値段だなバーのキャスト誕生日でもこのクラスは入れないなww
27,male,@lllI_ あらまシャンパンならモエ・シャンドン
27,male,@lllI_ なにこれジュース？
27,male,いやもうホント音の深みってわからないぞ
27,male,"バイトで15万は普通に稼げるんや
正社員は社会保険や厚生年金まあ福利厚生で控除されるのねw"
27,male,RT @tsubra_: インフル今年かかってないから怖み(予防接種受けてないマン)
27,male,ミリオンゴッドに見えたおれはもうだめ
27,male,RT @RUI____H: ｺﾞｯﾐｯｵｯﾄｯｺｯ👋👋
27,male,@homu_yuusyabu おれもすき！
27,male,シャムさんいる所漫画喫茶じゃないですかやだあ
44,male,RT @weeklyascii: 楽天キャリア 期待したい2つの機能 https://t.co/9RUGsoIiwX
44,male,いい思い出。RT @weeklyascii: 新型コロナウイルスの影響中止になった「MWC Barcelona 2020」。様々な事情から現地へ飛んだジャーナリストたちが「今年のモバイル（MWC）はこうなるはずだった」を予想！… https://t.co/1NiW0sjoEm
44,male,いいね！報道発表資料 : （お知らせ）ドコモ光 最大通信速度10Gbpsの新プランを提供開始 | お知らせ | NTTドコモ https://t.co/sBczjcEfIe
44,male,「ブックパス読み放題プラン」を期間限定で無料提供 | エンタメ・コンテンツ | au | エンタメ・コンテンツ | au https://t.co/XylVZ77N7H
